comment,writeDate,title,writer,link,recommand,View
2,2015-07-03 11:08,在MVC中实现和网站不同服务器的批量文件下载以及NOPI下载数据到Exal的简单学习,雪？,http://www.cnblogs.com/dyxd/p/4616474.html,0,21
0,2015-07-03 11:07,debian 安装svn apache 小记. AuthzSVNAccessFile 不生效问题.,bleach3,http://www.cnblogs.com/bleachli/p/4616849.html,0,6
0,2015-07-03 10:56,Android HAL模块实现,麦子熟了,http://www.cnblogs.com/haomcu/p/4618033.html,0,18
0,2015-07-03 10:54,利用General框架开发RDLC报表,广阔之海,http://www.cnblogs.com/lgyup/p/4618025.html,0,35
0,2015-07-03 10:53,插件使用总结-jquery.pin.js,小路_同学,http://www.cnblogs.com/xiaolu-web/p/4618018.html,0,55
0,2015-07-03 10:39,【RAC】 RAC For W2K8R2 安装--操作系统环境配置 (二),lhrbest,http://www.cnblogs.com/lhrbest/p/4617962.html,0,25
3,2015-07-03 10:17,Winform开发之窗体传值,壹兒壹,http://www.cnblogs.com/yieryi/p/4616688.html,0,168
1,2015-07-03 10:13,Oracle系列——开发中奇葩问题你遇到几个（一）,懒得安分,http://www.cnblogs.com/landeanfen/p/4580697.html,0,91
4,2015-07-03 10:10,MSSQLSERVER添加c# clr程序集的使用方法,张龙豪,http://www.cnblogs.com/knowledgesea/p/4617877.html,4,96
0,2015-07-03 10:04,通过反汇编理解函数调用机制（x86和ARM）,lulujianjie,http://www.cnblogs.com/jacklu/p/4617859.html,0,56
6,2015-07-03 09:23,JSONProxy - 获取跨域json数据,韩子迟,http://www.cnblogs.com/zichi/p/4616723.html,0,310
0,2015-07-03 09:00,设计模式之备忘录模式,WhyWin,http://www.cnblogs.com/0201zcr/p/4617676.html,1,192
39,2015-07-03 08:40,做一个有想法的程序员，做一个属于自己的神器,王福朋,http://www.cnblogs.com/wangfupeng1988/p/4617184.html,13,1724
0,2015-07-03 08:32,WWDC 2015 - 概记,奶爸码农,http://www.cnblogs.com/wdsunny/p/4616687.html,0,174
0,2015-07-03 08:30,MariaDB Galera Cluster 部署（如何快速部署 MariaDB 集群）,OneAPM官方技术博客,http://www.cnblogs.com/oneapm/p/4617637.html,2,170
0,2015-07-03 08:30,reactor官方文档译文(2)Reactor-core模块,一天不进步，就是退步,http://www.cnblogs.com/davidwang456/p/4599644.html,0,92
12,2015-07-03 07:55,解析Visual Studio 2015促进生产力的10个新功能,James Li,http://www.cnblogs.com/JamesLi2015/p/4617615.html,11,1326
2,2015-07-03 01:59,[硬件项目] 2、汽车倒车雷达设计——基于专用倒车雷达芯片GM3101的设计方案与采用CX20106A红外线检测芯片方案对比,beautifulzzzz,http://www.cnblogs.com/zjutlitao/p/4614440.html,2,350
0,2015-07-03 01:45,再造轮子之网易彩票-第二季(IOS 篇 by sixleaves),sixleaves,http://www.cnblogs.com/objectc/p/4617569.html,1,368
0,2015-07-03 00:38,SharePoint 2013 在母版页中插入WebPart,霖雨,http://www.cnblogs.com/jianyus/p/4617532.html,0,160
2,2015-06-29 16:15,Nginx配置网站适配PC和手机,叉叉哥,http://www.cnblogs.com/wucao/p/4607733.html,1,704
4,2015-06-29 15:32,利用Aspose.Words.dll导出Word代替NPOI,jerry-Tom,http://www.cnblogs.com/mbailing/p/4607597.html,2,612
0,2015-06-29 15:01,iOS网络开发-打造自己的视频客户端,聆听雨点丶Kb,http://www.cnblogs.com/linmingjun/p/4606451.html,0,600
68,2015-06-29 15:00,从一个简单的ASP.NET 5站点开启.NET跨平台之旅,博客园团队,http://www.cnblogs.com/cmt/p/dnx-journey-is-starting.html,28,4427
0,2015-06-29 14:42,Android Studio上方便使用butterknife注解框架的偷懒插件Android Butterknife Zelezny,soaringEveryday,http://www.cnblogs.com/soaringEveryday/p/4607438.html,0,407
1,2015-06-30 07:49,Redis数据导入工具优化过程总结,大CC,http://www.cnblogs.com/me115/p/4605273.html,0,589
0,2015-06-30 06:49,动态绑定HTML,破狼,http://www.cnblogs.com/whitewolf/p/angular-dynamic-bind-html-to-dom.html,3,991
0,2015-06-30 13:33,android 在使用ViewAnimationUtils.createCircularReveal()无法兼容低版本的情况下，另行实现圆形scale动画,指尖下的幽灵,http://www.cnblogs.com/linguanh/p/4610174.html,1,174
0,2015-06-30 13:31,版本控制git(三)-git分支,杰瑞教育,http://www.cnblogs.com/jerehedu/p/4609657.html,2,396
0,2015-06-30 13:07,WPF入门教程系列九——布局之DockPanel与ViewBox（四）,DotNet菜园,http://www.cnblogs.com/chillsrc/p/4610135.html,0,370
1,2015-07-01 10:00,制作在线简历（三）——技能介绍,咖啡机（K.F.J）,http://www.cnblogs.com/strick/p/4593023.html,1,524
3,2015-07-01 09:44,单片机串行口介绍,Lindaman,http://www.cnblogs.com/Lindaman/p/4612432.html,3,321
0,2015-07-01 09:19,设计模式之享元模式——初学,WhyWin,http://www.cnblogs.com/0201zcr/p/4612345.html,3,435
11,2015-06-29 14:41,Winform系列——好用的DataGridview过滤控件(表格的高级搜索功能),懒得安分,http://www.cnblogs.com/landeanfen/p/4607251.html,3,676
11,2015-06-29 14:28,完全面向于初学者的Node.js指南,官文祥,http://www.cnblogs.com/E-WALKER/p/4607409.html,9,1826
1,2015-06-29 14:09,IOS 数据存储之 Core Data详解,杰瑞教育,http://www.cnblogs.com/jerehedu/p/4607368.html,0,341
0,2015-06-29 13:42,ES6 Features系列：Template Strings & Tagged Template Strings,^_^肥仔John,http://www.cnblogs.com/fsjohnhuang/p/4601200.html,0,272
4,2015-06-29 13:15,从setTimeout谈JavaScript运行机制,韩子迟,http://www.cnblogs.com/zichi/p/4604053.html,0,595
2,2015-06-30 02:08,[.net 面向对象程序设计进阶] (3)  正则表达式 (二) 高级应用,yubinfeng,http://www.cnblogs.com/yubinfeng/p/4609281.html,6,556
58,2015-06-30 01:02,"IT男的”幸福”生活""续8",xlgwr,http://www.cnblogs.com/xlgwr/p/4609270.html,11,4223
5,2015-06-30 00:50,QT中QProcess调用命令行的痛苦经历,薰衣草的旋律,http://www.cnblogs.com/wangqiguo/p/4609228.html,0,262
1,2015-06-30 00:39,利用接口去理解委托,cang2012,http://www.cnblogs.com/cang/p/4609256.html,0,582
9,2015-06-30 00:38,ENode框架Conference案例分析系列之 - 订单处理减库存的设计,netfocus,http://www.cnblogs.com/netfocus/p/4608909.html,13,844
0,2015-07-02 11:49,制作在线简历（四）——工作经历,咖啡机（K.F.J）,http://www.cnblogs.com/strick/p/4593404.html,1,611
6,2015-07-02 11:48,借助Nodejs探究WebSocket,大额_skylar,http://www.cnblogs.com/skylar/p/nodejs-websocket.html,6,559
5,2015-07-02 11:40,地理信息创业公司的生存之道,老俞,http://www.cnblogs.com/laoyu/p/4615597.html,3,636
7,2015-06-30 21:53,在ASP.NET MVC5应用程序中快速接入QQ和新浪微博OAuth,小白哥哥,http://www.cnblogs.com/xiaoyaojian/p/4611660.html,3,783
46,2015-06-30 21:25,浅析C#中的“==”和Equals,Virgil-Zhou,http://www.cnblogs.com/goto-Virgil/p/4611276.html,10,3277
20,2015-06-30 21:16,分享动态拼接Expression表达式组件及原理,馨辰,http://www.cnblogs.com/wzxinchen/p/4611592.html,3,665
4,2015-06-30 21:04,PageRank在Hadoop和spark下的实现以及对比,sunrye,http://www.cnblogs.com/sunrye/p/4611570.html,1,204
13,2015-07-01 16:38,原生JS 表单提交验证器,佀传鼎,http://www.cnblogs.com/sicd/p/4613628.html,5,644
120,2015-07-01 16:31,分享接私活心得，晒晒私活成果[原创],请叫我头头哥,http://www.cnblogs.com/toutou/p/4602685.html,88,7160
8,2015-07-01 16:02,.NET跨平台之旅：借助ASP.NET 5 Beta5的新特性显示CLR与操作系统信息,博客园团队,http://www.cnblogs.com/cmt/p/4613441.html,7,1246
0,2015-07-01 15:59,linux内存源码分析 - 伙伴系统(初始化和申请页框),tolimit,http://www.cnblogs.com/tolimit/p/4610974.html,0,329
0,2015-07-01 15:45,惰性函数——JS高级,GalenYip,http://www.cnblogs.com/galenyip/p/4613430.html,1,494
0,2015-07-01 15:44,Android RelativeLayout和LinearLayout性能分析,风笛,http://www.cnblogs.com/hellsong/p/4613426.html,0,210
0,2015-07-02 02:29,暴风魔镜安卓手柄输入检测接口,决晴谷,http://www.cnblogs.com/jqg-aliang/p/4615029.html,0,385
7,2015-07-02 01:21,使用Topshelf创建Windows服务,jiangys,http://www.cnblogs.com/jys509/p/4614975.html,7,303
2,2015-07-02 00:10,详解jQ的support模块,方方和圆圆,http://www.cnblogs.com/diligenceday/p/4519532.html,1,318
5,2015-07-01 23:43,Android项目开发全程（二）--Afinal用法简单介绍,codingblock,http://www.cnblogs.com/codingblock/p/4614289.html,1,352
5,2015-07-01 23:30,ImageView的scaleType详解,Panda Pan,http://www.cnblogs.com/pandapan/p/4614837.html,2,200
9,2015-07-01 23:00,html5全局属性,starof,http://www.cnblogs.com/starof/p/4593741.html,7,627
5,2015-06-30 13:03,RapidJSON 代码剖析（四）：优化 Grisu,Milo Yip,http://www.cnblogs.com/miloyip/p/4610111.html,15,1997
0,2015-06-30 12:45,整合Open vSwitch与DNSmasq为虚拟机提供DHCP功能,CasonChan,http://www.cnblogs.com/CasonChan/p/4604871.html,2,179
0,2015-06-30 12:27,[iOS]关于视频方向的若干问题,alby,http://www.cnblogs.com/alby/p/4610077.html,1,366
3,2015-06-30 11:25,在windows下安装gulp —— 基于 Gulp 的前端集成解决方案（一）,Leon.kao,http://www.cnblogs.com/leonkao/p/4608119.html,0,396
0,2015-06-30 11:07,bootstrap之noConflict的详解,丑男孩,http://www.cnblogs.com/ip128/p/4609828.html,6,593
0,2015-06-30 10:50,Swift 中使用Nimble 库进行单元测试,SwiftCafe,http://www.cnblogs.com/theswiftworld/p/4609759.html,2,269
2,2015-07-01 09:13,"iOS开发之多表视图滑动切换示例（仿""头条""客户端）",青玉伏案,http://www.cnblogs.com/ludashi/p/4610364.html,3,549
63,2015-07-01 08:44,【MyEclipse 2015】 逆向破解实录系列【终】（纯研究）,foreach_break,http://www.cnblogs.com/foreach-break/p/crack_myeclipse_2015_3.html,10,1447
2,2015-07-01 08:22,前端集合(1),Mrxie,http://www.cnblogs.com/Mrxiedh/p/4612259.html,1,445
5,2015-06-29 12:39,SQL Server 2014，表变量上的非聚集索引,woodytu,http://www.cnblogs.com/woodytu/p/4607187.html,5,482
4,2015-06-29 11:53,mybatis入门基础(三)----SqlMapConfig.xml全局配置文件解析,阿赫瓦里,http://www.cnblogs.com/selene/p/4607004.html,5,546
0,2015-06-29 11:47,最近开发总结,薛定谔的猫_,http://www.cnblogs.com/juepei/p/4606994.html,4,1472
2,2015-06-29 11:43,部署视频聊天系统之网络品质测试,zhuweisky,http://www.cnblogs.com/zhuweisky/p/4607135.html,4,658
0,2015-06-29 11:04,Mina 源码阅读：Server端基于NIO的处理流程,螺 丝 钉,http://www.cnblogs.com/f1194361820/p/4607025.html,0,384
0,2015-07-02 23:35,OpenFlow Switch学习笔记(一)——基础概念,CasonChan,http://www.cnblogs.com/CasonChan/p/4613812.html,0,149
1,2015-07-02 22:56,连载《一个程序猿的生命周期》-22.缺了一条腿的公司,一个程序猿的生命周期,http://www.cnblogs.com/blog470130547/p/4617381.html,3,651
0,2015-07-02 22:17,java客户端使用swt开发基于svg的电子地图应用-方案选择,kevin_zhou,http://www.cnblogs.com/kevin-zlg/p/4617306.html,0,227
0,2015-07-02 21:41,【Windows编程】系列第四篇：使用Unicode编程,yangdn,http://www.cnblogs.com/yangdanny/p/4617209.html,2,286
0,2015-07-02 21:29,网络最大流问题之Ford-Fulkerson算法原理详解,转瞬之夏,http://www.cnblogs.com/junyuhuang/p/4566802.html,0,187
5,2015-06-29 23:32,十五天精通WCF——第八天  对“绑定”的最后一点理解,一线码农,http://www.cnblogs.com/huangxincheng/p/4609168.html,3,616
5,2015-06-29 23:19,什么是LambdaExpression，如何转换成Func或Action（2）,steden,http://www.cnblogs.com/steden/p/4608447.html,7,558
3,2015-06-29 22:59,如何让60岁老人学会使用智能手机,Jack47,http://www.cnblogs.com/Jack47/p/instruct-old-man-to-use-smart-phone.html,3,267
0,2015-06-29 22:57,Objective-C 快速入门--基础(四),DDChina,http://www.cnblogs.com/dingding3w/p/4609086.html,0,276
0,2015-07-02 11:36,Android成长日记-Android四大组件之Service组件的学习,monsterLin,http://www.cnblogs.com/boy1025/p/4615579.html,0,241
0,2015-07-02 11:18,Linux中CPU亲和性(affinity),LubinLew,http://www.cnblogs.com/LubinLew/p/cpu_affinity.html,0,297
0,2015-07-02 11:15,（4）彩色图像转灰度图以及色调，饱和度等概念相关定义,Matrixin,http://www.cnblogs.com/fordreamxin/p/4615502.html,0,200
1,2015-07-02 11:05,Viewbox在UWP开发中的应用,MS-UAP,http://www.cnblogs.com/ms-uap/p/4531180.html,3,239
0,2015-06-30 20:58,iOS笔记055 - UI总结,slq0378,http://www.cnblogs.com/songliquan/p/4611559.html,0,244
3,2015-06-30 20:30,Matlab与微积分计算,DM张朋飞,http://www.cnblogs.com/hxsyl/p/4611009.html,2,256
6,2015-06-30 20:12,Redis系列(五)-Opserver的监控,蘑菇先生,http://www.cnblogs.com/mushroom/p/4609365.html,0,470
1,2015-07-01 15:44,类模板的派生和模板类的派生,啦啦风吹,http://www.cnblogs.com/Lalafengchui/p/4613427.html,0,250
0,2015-07-01 15:06,Scala学习(八)---Scala继承,sunddenly,http://www.cnblogs.com/sunddenly/p/4609343.html,0,188
12,2015-07-01 14:55,简单好用的General开发框架,广阔之海,http://www.cnblogs.com/lgyup/p/4613250.html,9,771
7,2015-07-01 14:30,暂时就不去创业型公司了,unofficial,http://www.cnblogs.com/unofficial/p/4613132.html,4,2429
24,2015-07-01 22:55,也谈C#之Json，从Json字符串到类代码,Supper_litt,http://www.cnblogs.com/Supperlitt/p/4614771.html,8,1931
0,2015-07-01 22:36,2015-7-1 记而随，随而记,dianyitongxiao,http://www.cnblogs.com/dianyitongxiao/p/4614725.html,1,410
6,2015-07-01 21:53,无论IT代码系统还是人生都是有惯性的,无声胜有声,http://www.cnblogs.com/rwxwsblog/p/4614583.html,1,624
5,2015-07-01 21:40,"QT5.4 计算器程序 打包&发布,解决dll的最新解决方案",Cizel丶攻城狮,http://www.cnblogs.com/Zengineer/p/4614613.html,0,449
0,2015-07-01 21:30,Struts2文件上传，以及各种注意事项,Levice,http://www.cnblogs.com/dige1993/p/4614597.html,0,306
12,2015-06-30 10:35,【MyEclipse 2015】 逆向破解实录系列【1】（纯研究）,foreach_break,http://www.cnblogs.com/foreach-break/p/crack_myeclipse_2015.html,7,719
1,2015-06-30 10:32,centos6.5安装vmware-tools,brolanda,http://www.cnblogs.com/brolanda/p/4609689.html,2,264
2,2015-06-30 10:20,动态修改 NodeJS 程序中的变量值,OneAPM官方技术博客,http://www.cnblogs.com/oneapm/p/4609636.html,6,298
0,2015-06-30 10:16,制作在线简历（二）——基本信息,咖啡机（K.F.J）,http://www.cnblogs.com/strick/p/4591521.html,0,698
0,2015-06-30 10:01,最短路径算法之Dijkstra算法(java实现),转瞬之夏,http://www.cnblogs.com/junyuhuang/p/4544747.html,2,704
9,2015-07-01 05:57,大话重构 之 防止“加个需求，到处改代码”,一码,http://www.cnblogs.com/yoyaprogrammer/p/shortgun.html,9,1787
5,2015-07-01 01:23,数据结构基础温故-1.线性表（中）,Edison Chou,http://www.cnblogs.com/edisonchou/p/4606381.html,3,326
0,2015-07-01 01:23,第七章：选择器引擎,村长很忙,http://www.cnblogs.com/ahthw/p/4606595.html,6,510
0,2015-07-01 00:12,Neptune分布式系统的流程、参数详解,小爷,http://www.cnblogs.com/xiaoyesoso/p/4612157.html,1,269
0,2015-06-29 10:41,Scala学习(六)---Scala对象,sunddenly,http://www.cnblogs.com/sunddenly/p/4431647.html,1,279
6,2015-06-29 10:22,supersocket实现上传文件,第十一次进球,http://www.cnblogs.com/dishiyicijinqiu/p/4606880.html,3,679
3,2015-06-29 10:08,制作在线简历（一）——Loading与底部菜单,咖啡机（K.F.J）,http://www.cnblogs.com/strick/p/4578893.html,2,1292
0,2015-06-29 09:59,Ruby Profiler 详解之 ruby-prof（I）,OneAPM官方技术博客,http://www.cnblogs.com/oneapm/p/4606841.html,6,151
2,2015-06-29 09:47,[Python] 利用Django进行Web开发系列（二）,Poll的笔记,http://www.cnblogs.com/maybe2030/p/4606302.html,1,406
0,2015-07-02 21:23,python中如何用访问属性的方式访问字典中的元素,inevermore,http://www.cnblogs.com/inevermore/p/4617185.html,0,180
1,2015-07-02 20:37,基于安卓高仿how-old.net实现人脸识别估算年龄与性别,李晨玮,http://www.cnblogs.com/lichenwei/p/4616918.html,2,472
3,2015-07-02 19:51,设计模式之单例模式,WhyWin,http://www.cnblogs.com/0201zcr/p/4617027.html,1,304
0,2015-07-02 19:33,IOS页面自动布局 之 NSLayoutConstraint基础篇,dhcxyj,http://www.cnblogs.com/xieyajie/p/4612697.html,0,239
15,2015-07-02 18:15,基于WinForm制作的用户名密码存储器,伊夏,http://www.cnblogs.com/WYD524/p/4616792.html,4,679
3,2015-07-02 17:35,C#——依赖接口编程与简单工厂,Opiece,http://www.cnblogs.com/Opiece/p/4616350.html,2,525
0,2015-06-29 22:38,Ubuntu11.10安装教程，非虚拟机,somewhater,http://www.cnblogs.com/somewhater/p/4605864.html,1,371
46,2015-06-29 22:08,大型网站图片服务器架构的演进,丁码农,http://www.cnblogs.com/dinglang/p/4608915.html,44,5208
4,2015-06-29 21:38,（译）Asynchronous programming and Threading in C# (.NET 4.5),Hetring,http://www.cnblogs.com/hetring/p/4583306.html,0,401
0,2015-06-29 21:27,Entity Framework使用Sqlite时的一些配置,liqipeng,http://www.cnblogs.com/liqipeng/p/4608508.html,5,430
0,2015-06-29 20:46,JavaScript 数据类型,欠扁的小篮子,http://www.cnblogs.com/z941030/p/4608456.html,0,401
37,2015-06-29 20:29,工作一年八个月了,岁月如初,http://www.cnblogs.com/tianxue/p/4608428.html,20,3652
0,2015-06-29 19:45,Java知多少（107）几个重要的java数据库访问类和接口,Coda,http://www.cnblogs.com/Coda/p/4608359.html,0,394
34,2015-07-02 11:03,[c#][福利]BTTool种子文件修改工具,Yosef Gao,http://www.cnblogs.com/fantacity/p/4614816.html,14,1356
6,2015-07-02 10:26,利用General框架进行三层架构开发,广阔之海,http://www.cnblogs.com/lgyup/p/4615312.html,1,578
1,2015-07-02 10:17,实现可以滑动的GrildView，类似美团网首页的GrildView功能菜单,有梦想的小人物,http://www.cnblogs.com/LIANQQ/p/4615291.html,3,690
78,2015-07-02 10:15,为什么我不推荐大家去外包公司,阿赫瓦里,http://www.cnblogs.com/selene/p/4615284.html,54,5930
1,2015-07-02 09:51,Chrome开发者工具不完全指南（四、性能进阶篇）,卖烧烤夫斯基,http://www.cnblogs.com/constantince/p/4607497.html,8,752
21,2015-07-02 09:17,Stackoverflow/dapper的Dapper-Extensions用法（一）,Sinte-Beuve,http://www.cnblogs.com/Sinte-Beuve/p/4612971.html,11,945
0,2015-07-02 08:35,Scala学习(九)---文件和正则表达式,sunddenly,http://www.cnblogs.com/sunddenly/p/4442408.html,1,233
8,2015-07-02 08:31,【翻译】checkbox的第三种状态,古德God,http://www.cnblogs.com/wangmeijian/p/4614959.html,1,590
3,2015-06-30 19:38,[硬件项目] 1、汽车倒车雷达设计——基于API8108A芯片简易智能语音模块的设计与实现,beautifulzzzz,http://www.cnblogs.com/zjutlitao/p/4610608.html,4,528
0,2015-06-30 18:23,Log4Net指南,红心李,http://www.cnblogs.com/xiekeli/p/4611113.html,5,745
0,2015-06-30 18:18,Android自定义控件,掌缘生灭,http://www.cnblogs.com/pear-lemon/p/4611298.html,3,251
0,2015-06-30 17:42,html的特质语义:微格式及其他(重点介绍其中两种),雨和雪,http://www.cnblogs.com/dyx-wx/p/4609574.html,0,239
5,2015-06-30 16:59,Log4.net使用配置,johden2,http://www.cnblogs.com/johden2/p/4610991.html,3,605
0,2015-06-30 16:46,【MyEclipse 2015】 逆向破解实录系列【2】（纯研究）,foreach_break,http://www.cnblogs.com/foreach-break/p/crack_myeclipse_2015_2.html,2,470
1,2015-06-30 15:58,RunLoop 原理和核心机制,挽弓挽长,http://www.cnblogs.com/zy1987/p/4582466.html,1,397
0,2015-06-30 14:54,Android响应式界面开发要点,soaringEveryday,http://www.cnblogs.com/soaringEveryday/p/4610466.html,2,531
2,2015-07-01 14:30,C++11 常用语法,benxintuzi,http://www.cnblogs.com/benxintuzi/p/4613144.html,0,306
2,2015-07-01 13:53,mybatis入门基础(五)----动态SQL,阿赫瓦里,http://www.cnblogs.com/selene/p/4613035.html,3,543
0,2015-07-01 12:30,Linux LVM学习总结——创建卷组VG,潇湘隐者,http://www.cnblogs.com/kerrycode/p/4612925.html,0,258
0,2015-07-01 11:32,mybatis入门基础(四)----输入映射和输出映射,阿赫瓦里,http://www.cnblogs.com/selene/p/4609205.html,1,395
0,2015-07-01 10:56,iOS开发-VFL(Visual format language)和Autolayout,Fly_Elephant,http://www.cnblogs.com/xiaofeixiang/p/4612683.html,0,240
2,2015-07-01 10:52,[.net 面向对象程序设计进阶] (4) 正则表达式 (三) 表达式助手,yubinfeng,http://www.cnblogs.com/yubinfeng/p/4612670.html,9,598
22,2015-07-01 10:08,Wizard Framework：一个自己开发的基于Windows Forms的向导开发框架,dax.net,http://www.cnblogs.com/daxnet/p/4612509.html,17,1690
10,2015-07-01 10:06,RESTful API的十个最佳实践,小白哥哥,http://www.cnblogs.com/xiaoyaojian/p/4612503.html,7,1490
3,2015-07-01 21:19,Java IO最详解,qingyuuu,http://www.cnblogs.com/qingyuuu/p/4614574.html,1,406
0,2015-07-01 20:58,[Angularjs]ng-select和ng-options,wolfy,http://www.cnblogs.com/wolf-sun/p/4614532.html,2,291
5,2015-07-01 20:49,Android生猛上手，先写个拨号器。,somewhater,http://www.cnblogs.com/somewhater/p/4612134.html,0,598
2,2015-07-01 19:38,网页版WebRTC多人聊天Demo,小晓陈,http://www.cnblogs.com/cther/p/4614391.html,1,690
1,2015-07-01 19:17,关于 Swift 2.0 - 语言新特性与革新,SwiftCafe,http://www.cnblogs.com/theswiftworld/p/swift2.html,1,470
3,2015-07-01 18:30,ASP.NET MVC基础入门.,刘彬,http://www.cnblogs.com/DeepLearing/p/4614253.html,6,566
1,2015-07-01 18:19,nodejs爬虫数据抓取乱码问题总结,imwtr,http://www.cnblogs.com/imwtr/p/4613967.html,2,327
1,2015-07-01 18:08,Linux IO函数的使用和区别,橙&子,http://www.cnblogs.com/orange1438/p/4613460.html,0,205
0,2015-06-30 09:40,Python_11-正则表达式,jiu~,http://www.cnblogs.com/jiu0821/p/4609486.html,1,302
6,2015-06-30 09:22,软件开发中的思维僵化,黑白纵横,http://www.cnblogs.com/ccknot/p/4597352.html,7,1167
7,2015-06-30 09:19,七天学会ASP.NET MVC (三)——ASP.Net MVC 数据处理,葡萄城控件技术团队,http://www.cnblogs.com/powertoolsteam/p/MVC_three.html,7,1139
19,2015-06-30 09:17,系统设计——权限系统,懒得安分,http://www.cnblogs.com/landeanfen/p/4607766.html,7,1565
1,2015-06-30 09:10,SQL Server 2014，改善的临时表缓存,woodytu,http://www.cnblogs.com/woodytu/p/4609427.html,4,524
9,2015-06-30 08:08,解析：使用easyui的form提交表单，在IE下出现类似附件下载时提示是否保存的现象,liqipeng,http://www.cnblogs.com/liqipeng/p/4609226.html,5,755
40,2015-06-30 23:37,从Knockout到Angular的架构演变,圣殿骑士,http://www.cnblogs.com/KnightsWarrior/p/FromKnockoutToAngular.html,24,2244
2,2015-06-30 23:24,ENode框架Conference案例分析系列之 - ENode框架初始化,netfocus,http://www.cnblogs.com/netfocus/p/4611965.html,3,435
7,2015-06-30 22:48,地图匹配实践,zhanlijun,http://www.cnblogs.com/LBSer/p/4612031.html,3,452
43,2015-06-30 22:25,WCF回顾一、基本概念和应用场景,孙凯旋,http://www.cnblogs.com/sunkaixuan/p/4594033.html,3,646
0,2015-06-30 22:06,Nim教程【十四】,liulun,http://www.cnblogs.com/liulun/p/4611373.html,2,283
2,2015-06-30 21:56,GIS开发离线地图应用-初识gis,kevin_zhou,http://www.cnblogs.com/kevin-zlg/p/4611671.html,2,583
7,2015-06-30 21:53,在ASP.NET MVC5应用程序中快速接入QQ和新浪微博OAuth,小白哥哥,http://www.cnblogs.com/xiaoyaojian/p/4611660.html,3,784
46,2015-06-30 21:25,浅析C#中的“==”和Equals,Virgil-Zhou,http://www.cnblogs.com/goto-Virgil/p/4611276.html,10,3277
20,2015-06-30 21:16,分享动态拼接Expression表达式组件及原理,馨辰,http://www.cnblogs.com/wzxinchen/p/4611592.html,3,665
6,2015-07-02 15:00,小猪猪逆袭成博士之C++基础篇（一）数据精度、强制类型转换、变量命名规则,樱花猪,http://www.cnblogs.com/Dr-XLJ/p/4616110.html,1,415
9,2015-07-02 14:42,使用Bootstrap v3.3.4注意细节box-sizing,starof,http://www.cnblogs.com/starof/p/4615897.html,1,920
7,2015-07-02 14:11,一个人的思想：漫谈技术社区,田园里的蟋蟀,http://www.cnblogs.com/xishuai/p/4614463.html,3,847
3,2015-07-02 14:09,Kafka实战－Flume到Kafka,哥不是小萝莉,http://www.cnblogs.com/smartloli/p/4615908.html,1,376
1,2015-07-02 13:38,细说OpenSessionInView问题,zjrodger,http://www.cnblogs.com/zjrodger/p/4615809.html,0,234
3,2015-07-02 12:28,iOS经典面试题,挽弓挽长,http://www.cnblogs.com/zy1987/p/4615698.html,5,1022
7,2015-07-02 12:06,深入学习jQuery自定义插件,JMing依然,http://www.cnblogs.com/jhmydear/p/4615667.html,3,706
3,2015-07-02 11:56,全面解析windows下Memcache技术应用,刘钦,http://www.cnblogs.com/liuqin520/p/4615644.html,5,713
0,2015-06-29 18:40,自定义标签开发,温布利往事,http://www.cnblogs.com/xujian2014/p/4602781.html,0,368
4,2015-06-29 17:57,解决PHP在Windows IIS 上传的图片无法访问的问题,HTL,http://www.cnblogs.com/huangtailang/p/4608175.html,1,285
0,2015-07-02 08:24,VisualStudio 怎么使用Visual Leak Detector,幕三少,http://www.cnblogs.com/smiler/p/4615064.html,1,661
3,2015-07-02 07:54,LLBL Gen Pro 4.2 Lite 免费的对象关系映射开发框架与工具,James Li,http://www.cnblogs.com/JamesLi2015/p/4615057.html,2,408
4,2015-07-02 02:34,[Tool] 使用Visual Studio Code开发TypeScript,Clark159,http://www.cnblogs.com/clark159/p/4615031.html,4,621
0,2015-07-02 02:29,暴风魔镜安卓手柄输入检测接口,决晴谷,http://www.cnblogs.com/jqg-aliang/p/4615029.html,0,385
7,2015-07-02 01:21,使用Topshelf创建Windows服务,jiangys,http://www.cnblogs.com/jys509/p/4614975.html,7,303
0,2015-06-30 14:34,SQL执行计划之sql_trace,Pengineer,http://www.cnblogs.com/pengineer/p/4610390.html,5,481
4,2015-06-30 14:18,设计模式学习之职责链模式,WhyWin,http://www.cnblogs.com/0201zcr/p/4610320.html,1,429
15,2015-06-30 14:12,基于Java实现批量下载网络图片,李晨玮,http://www.cnblogs.com/lichenwei/p/4610298.html,3,744
4,2015-06-30 13:45,在Silverlight中的DispatcherTimer的Tick中使用基于事件的异步请求,Tonge,http://www.cnblogs.com/tonge/p/4610201.html,2,244
0,2015-06-30 13:44,hiho   1182 : 欧拉路·三,kitten.one,http://www.cnblogs.com/wd-one/p/4610196.html,0,168
0,2015-07-01 10:04,JavaScript，php文件上传简单实现,韩子迟,http://www.cnblogs.com/zichi/p/4610528.html,0,369
0,2015-07-01 10:00,XMPP使用简介--登录,杰瑞教育,http://www.cnblogs.com/jerehedu/p/4612484.html,1,526
0,2015-07-01 17:36,浅析过滤器,温布利往事,http://www.cnblogs.com/xujian2014/p/4613839.html,3,247
4,2015-06-30 21:04,PageRank在Hadoop和spark下的实现以及对比,sunrye,http://www.cnblogs.com/sunrye/p/4611570.html,1,204
1,2015-07-02 11:54,使用yield进行异步流程控制,royalrover,http://www.cnblogs.com/accordion/p/4615637.html,0,408
